<?xml version="1.0" encoding="UTF-8"?>
<project-private xmlns="http://www.netbeans.org/ns/project-private/1">
    <editor-bookmarks xmlns="http://www.netbeans.org/ns/editor-bookmarks/2" lastBookmarkId="0"/>
    <open-files xmlns="http://www.netbeans.org/ns/projectui-open-files/2">
        <group>
            <file>file:/C:/Users/Tisanai.Cha/Documents/NetBeansProjects/SelfTheater/test/TheaterTest.java</file>
            <file>file:/C:/Users/Tisanai.Cha/Documents/NetBeansProjects/SelfTheater/src/int105/model/Seat.java</file>
            <file>file:/C:/Users/Tisanai.Cha/Documents/NetBeansProjects/SelfTheater/src/int105/model/Theater.java</file>
        </group>
    </open-files>
</project-private>
